choeger = Carsten Hoeger <carsten.hoeger@open-xchange.com>
carsten.hoeger = Carsten Hoeger <carsten.hoeger@open-xchange.com>
cutmasta = Manuel Kraft <manuel.kraft@open-xchange.com>
manuel.kraft = Manuel Kraft <manuel.kraft@open-xchange.com>
marcus = Marcus Klein <marcus.klein@open-xchange.com>
marcus.klein = <marcus.klein@open-xchange.com>
steffen.templin = Steffen Templin <steffen.templin@open-xchange.com>
tobias.wrede = Tobias Wrede <tobias.wrede@open-xchange.com>
markus.wagner = Markus Wagner <markus.wagner@open-xchange.com>
francisco.laguna = Francisco Laguna <francisco.laguna@open-xchange.com>
benjamin.otterbach = Benjamin Otterbach <benjamin.otterbach@open-xchange.com>
wolfgang.rosenauer = Wolfgang Rosenauer <wolfgang.rosenauer@open-xchange.com>
tobias.friedrich = Tobias Friedrich <tobias.friedrich@open-xchange.com>
martin.herfurth = Martin Herfurth <martin.herfurth@open-xchange.com>
tobias.prinz = Tobias Prinz <tobias.prinz@open-xchange.com>
holger.achtziger = Holger Achtziger <holger.achtziger@open-xchange.com>
scriptuser = Sript User <script.user@@open-xchange.com>
thorben.betten = Thorben Betten <thorben.betten@open-xchange.com>
strotti = Markus Strotkemper <markus.strotkemper@open-xchange.com>
afe@microdoc.de = Alexander Feeß <afe@microdoc.de>
ldo@microdoc.de = Ljupka Grabsch <ldo@microdoc.de>
ibr@microdoc.de = Igor Bretzke <ibr@microdoc.de>
crct@microdoc.de = CruiseControl <crct@microdoc.de>
tobias_senghaas@microdoc.de = Tobias Senghaas <tobias_senghaas@microdoc.de>
dsu@microdoc.de = Doru Sular <dsu@microdoc.de>
dennis.sieben = Dennis SIeben <dennis.sieben@open-xchange.com>
viktor.pracht = Viktor Pracht <viktor.pracht@open-xchange.com>
viktor = Viktor Pracht <viktor.pracht@open-xchange.com>
afaber = Antje Faber <antje.faber@open-xchange.com>
harry = Harald Petry <harald.petry@open-xchange.com>
stefan.preuss = Stefan Preuß <stefan.preuss@open-xchange.com>
captain = Stefan Preuß <stefan.preuss@open-xchange.com>
